413776fe-d170-4ad1-805b-9c8a89214ca5,Kathlyn Mitchell MD
06b15cb7-b6b4-4c7f-9426-33d3fa2e2e7a,Alejandrina Kuhlman
34a0f3d9-3199-4590-a774-3700a5ef1598,Salvatore Bednar IV
a11eef9b-0719-4b1e-a416-a1c6c7049503,Mr. Francesco Frami
ba35708f-01c7-4837-9af3-0874d1d1b834,Korey Schaden
caf7fbc3-5be8-4830-9a65-78f2832c542c,Lyndon Schneider IV
1cbfa2a4-b833-4d82-9cce-6c295764878b,Marguerita Braun
67fd0316-66cd-4429-9e6f-424e883efe43,Chris Adams
2d531e97-0f71-4014-a648-9807b3f32495,Emelina Rempel
1c8499b7-0bed-489c-8a4e-84b72c267ee2,Mr. Antonette Jacobi
c84b6ccc-ccfa-4996-8ffb-6c9dcc8aa076,Gonzalo Sauer
01217abf-e3fa-45ea-874e-dfe84bca2c5a,Romeo Farrell
8b6919f1-b9f2-4c19-8a9f-d04d18836d00,Isadora Kautzer
7edcd933-bd37-49ef-b47f-b7a59405dade,Avery Schiller
37f8ce73-2d3c-49aa-b822-559bf71b4b20,Gilberto Olson III
7846b56c-5cc8-4f73-9113-b2c38418b6e4,Jacquelin Stracke
2e401487-fcf9-4e5a-b98d-4d3f2de1842b,Vanna Cole
03165ca3-43f7-4325-838e-368d7e9dd49f,Rhoda Gislason DVM
da1e601a-e36c-463a-85aa-7389804a8759,Mr. Edwin Leffler
e33579b8-b670-4d5e-a503-0d70036f3143,Miss Lanny Stroman
