ef70ba9b-9cdd-48c3-8920-7539e4b1520f,Olevia Funk
3c0df6e0-9b4b-4196-ad34-037d282b1c04,Ms. Mario Gusikowski
e5695fc6-2f35-44af-8163-682617b911cd,Karleen Balistreri
dad5cb71-82b1-4572-83dc-c73e40a10907,Harvey Harris
98d6289c-c533-4d45-8200-e6bda6d85869,Faustino Hettinger
574571a0-43b3-4582-aa03-f6d4a3ac9b02,Misha Huels
231f1c7c-c372-40a2-af57-543ad7234ec6,Miss Jimmie Reinger
1b06cb67-4798-4284-a489-60f32a4d648a,Miss Debora Effertz
01c9b39d-475c-4cf6-ab05-d0679e4c3dea,Jewell Lakin
13622f3a-da6b-49eb-bcb8-817893ea6558,Lorenzo Purdy
75ac9cb2-b1ef-4326-8d66-a1f566f62b64,Benton Blick
d85fd766-6d05-4192-9e42-13d86f0c04d4,Enoch Ebert
ee5e73b1-7271-4510-928b-147a60ec835b,Perry Goldner PhD
84a768fe-5a60-44ff-8f84-cbd0000712f2,Mr. Marguerite Nader
3bc10de6-ad02-4f89-b229-97f7e14d3e1f,Zachariah Walter
e456d576-80dd-4039-ae6d-8c81c6c37172,Bo Ortiz
6c33cf6e-5801-4833-84e2-9583b74fd952,Derick Koch
9f3acb8c-0530-4727-8c54-59a328ed3a8b,Julio Tromp
ac01fac4-2cca-4aa7-8846-3ecc7c425262,Kennith Kohler Jr.
031f4d13-fd39-4dc2-8bf8-b259e4fa0262,Quinton Hansen
